47.103.129.186,443
47.104.168.251,443
47.92.160.133,443
47.92.219.126,443
103.117.102.4,443
103.118.41.83,443
103.192.179.132,443
103.56.114.25,443
118.141.20.85,443
122.10.116.153,443
123.254.106.203,443
124.244.50.35,443
152.32.133.246,443
152.32.171.162,443
156.239.245.134,443
159.138.138.87,443
219.76.13.166,443
219.76.13.167,443
219.76.13.169,443
219.76.13.177,443
219.76.13.180,443
219.76.13.181,443
219.76.13.183,443
47.243.100.85,443
47.57.181.17,443
47.57.182.141,443
8.210.29.68,443
8.216.5.125,443
8.217.180.234,443
8.218.118.182,443
8.218.121.213,443
8.218.189.27,443
8.218.226.31,443
8.223.63.150,443
8.223.63.189,443
103.3.26.26,443
103.7.54.176,443
103.7.54.214,443
103.7.55.188,443
116.49.193.154,443
125.227.219.100,443
125.227.219.101,443
125.227.219.97,443
154.211.8.155,443
154.85.20.104,443
178.20.209.70,443
202.85.53.72,443
213.176.114.65,443
216.250.97.201,443
23.102.235.61,443
45.196.235.225,443
60.205.211.28,443
62.60.216.169,443
62.60.216.204,443
62.60.216.36,443
62.60.217.186,443
62.60.229.255,443
62.60.245.255,443
62.60.247.159,443
8.219.155.125,443
8.219.155.21,443
8.219.195.31,443
8.219.255.49,443
8.221.126.227,443
8.222.131.225,443
8.222.185.236,443
8.222.193.153,443
8.222.237.72,443
43.100.70.148,443
43.100.70.149,443